airfoil,max_CL,stall_angle,min_CD,max_CL_CD,best_alpha,CL_at_0
naca2412,1.3197,14.0,0.0098,66.6068759342302,6.0,0.286
naca4412,1.4341,15.0,0.01005,78.13151041666666,7.0,0.4937
clarky,1.3907,13.0,0.01016,72.8830963665087,5.0,0.4424
e387,1.3174,12.0,0.00984,82.47813411078717,7.0,0.4037
s1223,2.2761,12.0,0.01804,73.59284116331096,4.0,1.1864
